{
    "theta0": 2.2019423321732277e-16,
    "theta1": -0.8561394207905018,
    "km_mean": 101066.25,
    "km_std": 51565.1899106445,
    "price_mean": 6331.833333333333,
    "price_std": 1291.8688873961714
}