{
    "theta0": 2.703930269651633e-17,
    "theta1": -0.8794318937862032,
    "mileage_mean": 96127.82258064517,
    "mileage_std": 50729.77796732096,
    "price_mean": 6444.379032258064,
    "price_std": 1150.7714915174888
}